user_id,primary_community,is_bridge,n_styles,days_active,total_posts
U0001,2,False,4,91,8
U0002,1,False,6,365,92
U0003,1,False,3,103,7
U0004,2,False,4,236,17
U0005,3,False,2,252,38
U0006,2,False,2,357,5
U0007,3,False,3,450,21
U0008,1,False,3,42,90
U0009,2,False,4,318,10
U0010,5,False,2,1053,56
U0011,3,False,3,209,11
U0012,4,False,3,150,29
U0013,1,False,2,32,42
U0014,4,False,4,568,5
U0015,2,False,4,176,5
U0016,2,False,5,507,63
U0017,4,False,4,552,41
U0018,4,False,3,299,20
U0019,1,False,4,167,35
U0020,5,False,3,222,52
U0021,2,False,2,999,41
U0022,3,False,3,624,7
U0023,4,False,2,124,13
U0024,4,False,3,32,26
U0025,2,False,3,1075,14
U0026,3,False,2,194,89
U0027,5,False,2,152,5
U0028,3,False,3,49,12
U0029,5,False,3,1579,10
U0030,3,False,2,129,32
U0031,2,False,4,64,90
U0032,2,False,7,45,78
U0033,3,True,2,408,5
U0034,3,False,4,1037,7
U0035,2,False,5,650,50
U0036,3,False,2,65,56
U0037,5,False,2,502,56
U0038,4,False,2,404,5
U0039,2,False,4,31,8
U0040,3,False,2,415,6
U0041,4,False,5,412,118
U0042,3,False,2,65,11
U0043,2,False,3,842,37
U0044,4,False,4,343,33
U0045,2,False,2,1059,76
U0046,5,False,4,35,131
U0047,2,False,2,725,9
U0048,2,False,2,1034,29
U0049,3,False,4,795,67
U0050,3,False,2,192,8
U0051,4,False,4,614,52
U0052,4,False,9,835,46
U0053,2,False,3,258,29
U0054,2,False,4,41,5
U0055,4,False,4,566,12
U0056,3,False,2,49,18
U0057,3,False,2,608,7
U0058,2,False,4,39,164
U0059,4,False,2,92,7
U0060,3,False,3,423,12
U0061,5,False,7,228,24
U0062,2,False,5,35,7
U0063,1,True,4,264,5
U0064,2,False,5,99,35
U0065,2,False,3,201,36
U0066,3,False,4,422,8
U0067,1,False,4,1058,42
U0068,2,False,3,253,29
U0069,5,False,4,56,19
U0070,4,True,3,644,12
U0071,1,False,5,514,101
U0072,2,False,4,536,82
U0073,5,False,5,182,166
U0074,4,False,3,537,52
U0075,1,False,5,170,141
U0076,2,True,4,890,5
U0077,2,False,4,394,29
U0078,2,False,4,437,69
U0079,4,False,3,51,29
U0080,2,False,2,187,5
U0081,1,False,2,62,30
U0082,1,False,4,477,5
U0083,1,False,2,641,73
U0084,5,False,2,202,5
U0085,4,False,5,73,42
U0086,1,False,3,51,5
U0087,1,False,4,1225,23
U0088,2,False,6,122,247
U0089,1,False,4,57,40
U0090,5,False,4,392,59
U0091,2,False,5,46,20
U0092,5,False,4,251,48
U0093,2,False,2,349,5
U0094,5,False,3,467,28
U0095,2,False,2,912,43
U0096,5,False,4,376,27
U0097,5,False,5,1622,10
U0098,3,False,3,1308,69
U0099,4,False,2,51,50
U0100,4,False,3,2108,30
U0101,4,False,3,248,5
U0102,5,False,4,124,55
U0103,3,False,4,298,73
U0104,3,False,2,323,20
U0105,4,False,4,474,11
U0106,1,True,6,187,66
U0107,2,False,3,293,57
U0108,2,False,5,753,186
U0109,1,False,2,254,97
U0110,2,False,3,396,10
U0111,1,False,4,103,21
U0112,4,False,2,431,5
U0113,2,True,3,101,5
U0114,1,False,2,114,11
U0115,3,False,2,784,63
U0116,1,False,4,628,68
U0117,2,False,3,381,17
U0118,2,False,2,43,7
U0119,4,False,8,71,59
U0120,3,False,5,144,29
U0121,1,False,3,76,82
U0122,3,False,2,598,17
U0123,1,False,6,236,10
U0124,2,False,4,408,42
U0125,2,False,2,69,5
U0126,2,False,4,105,16
U0127,2,False,4,222,201
U0128,1,False,2,1303,50
U0129,4,False,4,997,40
U0130,3,False,2,565,5
U0131,2,False,2,74,23
U0132,2,False,4,91,32
U0133,3,False,2,53,115
U0134,2,False,3,137,42
U0135,4,False,2,186,66
U0136,4,False,2,78,32
U0137,5,False,4,341,92
U0138,1,False,3,112,6
U0139,2,False,4,192,104
U0140,2,False,7,241,41
U0141,2,False,4,126,114
U0142,2,False,6,894,73
U0143,1,False,2,84,39
U0144,3,False,5,848,97
U0145,2,False,5,42,52
U0146,4,False,2,182,43
U0147,1,False,3,612,6
U0148,2,False,2,494,25
U0149,3,False,2,103,59
U0150,3,False,2,256,73
U0151,2,False,7,36,179
U0152,5,False,4,465,127
U0153,4,False,6,231,100
U0154,5,False,6,248,9
U0155,5,False,4,356,25
U0156,1,False,5,622,5
U0157,2,False,5,185,26
U0158,4,False,4,122,30
U0159,1,False,2,929,11
U0160,3,False,3,34,40
U0161,2,False,3,62,216
U0162,3,False,2,55,34
U0163,2,False,3,43,23
U0164,3,False,3,575,22
U0165,3,False,5,91,12
U0166,4,False,2,200,7
U0167,3,False,5,40,15
U0168,2,False,5,37,6
U0169,4,False,2,68,6
U0170,4,False,5,677,31
U0171,3,False,4,34,5
U0172,2,True,3,103,32
U0173,2,False,3,139,17
U0174,3,False,5,387,32
U0175,3,False,4,556,7
U0176,4,False,3,851,60
U0177,2,True,4,396,14
U0178,1,False,2,1548,18
U0179,2,False,4,146,40
U0180,3,False,2,114,5
U0181,1,False,4,364,54
U0182,2,False,5,228,30
U0183,3,True,4,61,46
U0184,2,False,2,154,10
U0185,4,False,2,427,69
U0186,4,False,7,41,26
U0187,3,False,7,178,128
U0188,1,False,3,505,25
U0189,3,False,5,616,74
U0190,2,False,3,193,5
U0191,5,False,3,104,29
U0192,4,False,4,629,53
U0193,3,False,3,121,164
U0194,5,True,2,476,64
U0195,2,False,2,972,88
U0196,5,False,5,752,116
U0197,2,False,4,125,6
U0198,1,False,3,181,48
U0199,1,False,6,170,73
U0200,4,False,4,126,5
U0201,4,True,4,1051,80
U0202,5,False,5,561,32
U0203,2,False,3,229,50
U0204,2,False,6,189,25
U0205,2,False,3,207,42
U0206,2,False,4,593,5
U0207,2,False,3,376,6
U0208,5,False,5,1073,65
U0209,3,False,3,120,7
U0210,4,False,3,51,130
U0211,4,False,6,464,12
U0212,4,False,3,122,28
U0213,3,False,3,831,116
U0214,4,False,3,418,30
U0215,1,False,2,499,17
U0216,1,False,2,449,5
U0217,4,False,7,665,37
U0218,3,False,3,143,79
U0219,4,False,5,466,71
U0220,3,False,4,93,106
U0221,4,True,3,178,51
U0222,2,False,4,681,35
U0223,1,False,4,394,15
U0224,3,False,4,582,5
U0225,4,False,3,395,100
U0226,1,False,4,455,5
U0227,2,False,4,184,48
U0228,1,False,2,1355,86
U0229,4,False,6,449,44
U0230,2,False,3,232,22
U0231,2,False,2,61,28
U0232,3,False,5,1129,10
U0233,2,False,6,214,24
U0234,5,False,2,849,6
U0235,2,True,2,759,16
U0236,5,False,6,770,112
U0237,4,False,4,81,5
U0238,5,False,5,611,41
U0239,1,False,2,111,16
U0240,1,False,6,144,119
U0241,2,False,3,364,12
U0242,3,False,2,582,5
U0243,2,False,3,381,45
U0244,3,True,2,174,18
U0245,1,False,2,335,29
U0246,4,False,3,96,5
U0247,3,False,4,480,102
U0248,4,False,3,181,63
U0249,1,False,5,249,64
U0250,3,False,4,61,5
U0251,2,False,3,1389,15
U0252,2,False,4,422,34
U0253,3,False,4,111,57
U0254,1,True,4,138,31
U0255,4,False,3,184,17
U0256,5,True,6,766,64
U0257,2,False,5,873,34
U0258,2,False,3,918,8
U0259,3,False,3,489,89
U0260,2,False,4,1327,9
U0261,4,False,4,245,36
U0262,2,False,3,95,18
U0263,5,False,2,571,5
U0264,5,False,5,128,5
U0265,2,False,5,235,17
U0266,3,False,3,96,6
U0267,1,False,3,708,61
U0268,3,False,7,114,10
U0269,2,False,5,44,8
U0270,2,False,4,168,35
U0271,1,False,5,251,45
U0272,2,False,4,84,5
U0273,2,False,4,1308,5
U0274,3,False,2,769,5
U0275,3,False,4,280,48
U0276,4,False,4,41,133
U0277,3,False,4,212,52
U0278,1,False,2,2746,5
U0279,5,False,4,335,67
U0280,4,False,4,174,55
U0281,4,False,3,651,5
U0282,3,True,6,173,34
U0283,2,False,2,128,11
U0284,2,False,2,367,27
U0285,3,False,5,297,40
U0286,1,False,3,204,19
U0287,3,False,6,641,94
U0288,5,True,4,109,5
U0289,3,False,4,52,136
U0290,2,False,3,272,11
U0291,2,False,4,166,47
U0292,4,False,6,224,9
U0293,2,False,4,480,5
U0294,3,False,2,1232,16
U0295,4,False,4,1133,46
U0296,4,False,3,124,8
U0297,3,False,2,583,8
U0298,4,False,2,431,5
U0299,3,False,2,517,49
U0300,2,False,4,38,51
U0301,3,False,3,359,25
U0302,5,False,2,463,12
U0303,2,False,4,146,5
U0304,1,False,6,107,29
U0305,2,False,4,55,80
U0306,2,False,2,804,26
U0307,3,False,5,1905,67
U0308,3,False,2,258,5
U0309,3,False,4,111,38
U0310,1,False,2,545,10
U0311,3,False,2,1815,65
U0312,3,False,3,298,36
U0313,1,False,4,586,61
U0314,1,False,3,141,16
U0315,1,False,2,214,14
U0316,3,False,4,949,34
U0317,5,False,4,204,105
U0318,4,False,3,599,13
U0319,1,False,4,185,185
U0320,3,False,2,81,49
U0321,5,False,6,100,52
U0322,2,False,4,197,5
U0323,1,False,4,1262,28
U0324,2,False,4,241,5
U0325,3,False,6,90,5
U0326,4,False,5,51,329
U0327,1,False,3,460,5
U0328,3,False,3,643,35
U0329,2,False,2,81,54
U0330,2,False,5,197,33
U0331,4,False,3,37,11
U0332,4,False,2,309,6
U0333,1,False,3,72,29
U0334,2,False,4,67,33
U0335,2,False,3,202,18
U0336,2,False,6,842,233
U0337,4,False,3,137,68
U0338,1,False,6,255,76
U0339,3,False,5,55,45
U0340,2,False,6,292,85
U0341,1,False,3,56,5
U0342,5,False,4,189,17
U0343,2,False,2,99,5
U0344,3,False,4,142,5
U0345,1,False,5,387,30
U0346,2,False,2,378,37
U0347,3,False,3,1457,34
U0348,3,False,5,639,66
U0349,1,False,2,241,23
U0350,5,False,2,77,5
U0351,4,False,5,751,117
U0352,5,False,3,543,23
U0353,4,False,4,101,39
U0354,5,False,5,46,11
U0355,1,False,3,287,68
U0356,4,False,4,355,35
U0357,2,False,5,399,89
U0358,2,False,4,33,14
U0359,4,False,3,617,8
U0360,3,False,2,379,5
U0361,2,False,3,552,5
U0362,4,False,4,1187,22
U0363,2,False,5,2077,28
U0364,2,False,3,823,33
U0365,2,False,2,607,5
U0366,3,False,5,405,5
U0367,3,False,7,441,143
U0368,2,False,5,281,5
U0369,1,False,5,597,45
U0370,2,False,5,175,35
U0371,1,False,6,2367,202
U0372,3,False,4,399,77
U0373,1,False,3,339,33
U0374,2,False,5,178,5
U0375,1,False,4,159,141
U0376,2,False,2,782,46
U0377,2,False,2,82,5
U0378,4,False,2,239,32
U0379,4,False,2,538,26
U0380,5,False,4,51,16
U0381,2,False,3,145,53
U0382,2,False,4,54,33
U0383,1,False,2,185,57
U0384,1,False,5,1237,51
U0385,5,False,2,509,99
U0386,2,False,3,110,31
U0387,2,False,2,74,5
U0388,2,False,5,723,51
U0389,3,False,4,55,61
U0390,3,False,5,253,41
U0391,2,False,4,256,26
U0392,3,False,5,53,44
U0393,4,False,3,95,15
U0394,4,False,2,113,52
U0395,4,False,3,1562,55
U0396,1,False,2,257,59
U0397,3,False,4,660,23
U0398,4,False,2,113,18
U0399,2,False,6,613,37
U0400,5,False,5,92,74
U0401,4,False,3,104,84
U0402,3,False,3,241,35
U0403,1,False,4,1276,27
U0404,5,False,6,397,13
U0405,4,False,5,493,138
U0406,1,False,7,105,170
U0407,4,False,2,262,43
U0408,2,False,5,278,110
U0409,2,False,5,68,17
U0410,1,False,4,248,69
U0411,3,False,5,262,241
U0412,3,False,3,441,14
U0413,3,False,4,124,90
U0414,2,False,3,462,26
U0415,2,False,4,778,72
U0416,4,False,4,140,118
U0417,3,False,3,255,74
U0418,3,False,2,1403,5
U0419,2,True,4,149,97
U0420,2,False,4,541,81
U0421,1,False,2,675,8
U0422,4,False,5,473,48
U0423,1,False,3,160,34
U0424,2,False,3,526,5
U0425,5,False,5,843,12
U0426,1,False,6,607,5
U0427,3,False,4,54,89
U0428,3,False,5,65,150
U0429,3,False,4,295,28
U0430,2,False,5,572,57
U0431,4,False,6,356,90
U0432,2,False,5,70,30
U0433,2,False,4,526,35
U0434,3,False,4,137,22
U0435,2,True,3,1329,15
U0436,2,False,2,374,8
U0437,2,False,3,622,31
U0438,3,False,2,1009,12
U0439,1,False,3,288,77
U0440,2,False,2,1831,5
U0441,2,False,2,899,31
U0442,3,False,2,663,77
U0443,4,True,3,138,5
U0444,3,False,4,74,24
U0445,2,False,3,537,5
U0446,1,False,2,1067,27
U0447,3,False,3,398,91
U0448,3,False,4,499,6
U0449,5,False,2,34,13
U0450,2,False,4,344,5
U0451,1,False,5,415,116
U0452,3,False,2,437,8
U0453,2,False,6,660,146
U0454,5,False,3,170,32
U0455,2,False,5,201,11
U0456,2,False,5,835,26
U0457,2,True,5,181,5
U0458,2,False,6,442,69
U0459,2,False,3,455,5
U0460,2,True,4,287,166
U0461,2,True,3,93,5
U0462,4,False,3,154,86
U0463,1,False,5,367,109
U0464,5,False,3,1215,18
U0465,2,False,2,324,19
U0466,4,False,4,241,18
U0467,2,False,3,144,127
U0468,3,False,3,347,5
U0469,2,False,2,1888,53
U0470,3,False,3,383,8
U0471,2,True,7,124,290
U0472,5,False,2,308,50
U0473,1,False,4,147,104
U0474,5,False,3,256,148
U0475,2,False,2,152,5
U0476,4,False,5,291,42
U0477,3,False,3,671,54
U0478,3,False,4,111,5
U0479,4,False,4,389,130
U0480,1,False,2,454,32
U0481,3,False,2,625,8
U0482,2,False,2,33,153
U0483,3,False,5,522,9
U0484,4,False,4,422,72
U0485,4,False,3,59,19
U0486,2,False,2,186,5
U0487,4,False,2,59,17
U0488,4,False,4,48,5
U0489,2,False,2,623,66
U0490,2,False,2,171,16
U0491,2,False,4,191,52
U0492,1,False,4,285,29
U0493,3,False,4,131,62
U0494,4,False,3,323,27
U0495,1,False,3,152,5
U0496,3,False,2,534,9
U0497,1,False,3,697,5
U0498,2,False,4,168,5
U0499,2,False,3,597,83
U0500,2,False,5,202,207
U0501,1,False,2,395,30
U0502,1,False,3,485,41
U0503,5,False,4,159,5
U0504,4,False,4,48,22
U0505,5,False,2,115,11
U0506,2,False,2,562,13
U0507,4,False,4,263,106
U0508,2,False,2,371,8
U0509,1,False,2,407,12
U0510,4,False,5,836,21
U0511,2,False,4,143,90
U0512,1,False,2,180,5
U0513,1,False,2,306,22
U0514,1,False,3,1238,27
U0515,3,False,5,298,233
U0516,1,True,5,566,102
U0517,1,False,4,186,23
U0518,1,False,6,409,274
U0519,4,True,4,583,30
U0520,2,False,4,54,12
U0521,2,False,3,51,118
U0522,5,False,6,1762,58
U0523,5,False,2,109,5
U0524,3,False,3,345,5
U0525,4,False,6,139,31
U0526,5,False,2,261,55
U0527,4,False,2,82,79
U0528,3,False,7,283,99
U0529,1,False,3,318,21
U0530,1,False,6,245,17
U0531,1,False,3,1210,8
U0532,5,False,4,483,198
U0533,3,False,7,57,85
U0534,5,False,2,604,59
U0535,5,False,4,546,8
U0536,2,False,4,133,51
U0537,3,False,6,282,5
U0538,1,False,4,981,12
U0539,3,False,5,506,6
U0540,2,True,3,269,40
U0541,1,False,5,1854,5
U0542,4,False,3,211,52
U0543,5,False,2,595,7
U0544,3,False,5,420,17
U0545,2,False,4,121,5
U0546,1,False,2,765,8
U0547,5,False,6,295,106
U0548,2,False,2,849,73
U0549,4,False,3,281,8
U0550,3,False,6,177,144
U0551,2,False,2,637,45
U0552,2,False,4,568,53
U0553,2,False,2,232,5
U0554,1,False,4,30,26
U0555,3,False,2,125,5
U0556,4,False,2,122,27
U0557,4,False,2,173,31
U0558,4,False,2,199,58
U0559,4,False,3,356,40
U0560,1,False,6,480,13
U0561,4,False,4,158,62
U0562,4,False,2,293,17
U0563,2,False,4,487,30
U0564,5,False,5,506,123
U0565,2,False,3,179,144
U0566,4,False,2,503,20
U0567,5,False,2,593,33
U0568,2,True,3,696,5
U0569,4,False,2,475,42
U0570,3,False,3,49,26
U0571,4,False,4,323,25
U0572,1,False,3,92,13
U0573,2,False,5,135,61
U0574,3,False,4,893,5
U0575,3,False,2,163,10
U0576,3,False,4,511,25
U0577,1,False,3,452,15
U0578,1,False,2,1085,25
U0579,3,False,3,537,5
U0580,2,False,2,236,98
U0581,1,False,3,518,45
U0582,2,False,2,215,7
U0583,2,False,2,420,86
U0584,3,False,2,58,75
U0585,2,False,6,411,23
U0586,1,False,6,135,84
U0587,4,False,2,362,50
U0588,5,False,2,91,72
U0589,4,False,4,470,56
U0590,2,True,2,349,7
U0591,2,False,5,106,69
U0592,5,False,3,33,21
U0593,1,False,3,139,21
U0594,4,True,5,354,59
U0595,3,False,3,111,78
U0596,4,True,4,134,12
U0597,2,False,3,511,34
U0598,3,False,2,1134,45
U0599,4,False,4,111,47
U0600,4,False,5,299,5
U0601,2,False,5,144,28
U0602,4,False,7,595,53
U0603,3,False,3,243,39
U0604,5,False,6,665,25
U0605,2,True,4,51,33
U0606,5,False,2,557,13
U0607,3,False,3,56,7
U0608,3,False,3,644,43
U0609,1,False,2,294,19
U0610,2,False,2,673,38
U0611,2,False,3,189,26
U0612,5,False,4,69,24
U0613,3,False,4,442,90
U0614,4,False,3,241,35
U0615,2,False,4,125,6
U0616,2,True,2,492,32
U0617,3,False,2,70,6
U0618,3,False,2,132,5
U0619,2,False,5,226,35
U0620,3,False,7,472,16
U0621,3,False,4,307,6
U0622,3,False,5,180,9
U0623,3,False,5,113,44
U0624,2,True,3,604,5
U0625,2,False,6,136,5
U0626,4,False,5,690,107
U0627,4,False,5,249,12
U0628,4,False,3,259,5
U0629,2,False,3,55,78
U0630,2,False,4,1287,5
U0631,3,False,5,237,366
U0632,3,False,3,120,16
U0633,2,False,3,498,40
U0634,4,True,2,119,27
U0635,2,True,4,320,5
U0636,4,False,5,585,87
U0637,4,False,4,383,67
U0638,2,False,2,837,34
U0639,5,False,6,832,64
U0640,3,False,5,264,78
U0641,2,False,2,118,13
U0642,5,False,2,105,5
U0643,3,False,4,610,15
U0644,3,False,5,1051,63
U0645,2,False,4,120,45
U0646,2,False,2,645,37
U0647,4,False,4,197,28
U0648,1,False,3,42,79
U0649,2,False,4,172,114
U0650,4,False,3,873,208
U0651,4,False,4,55,5
U0652,5,False,2,533,41
U0653,4,False,2,38,11
U0654,4,False,3,166,39
U0655,2,True,4,554,5
U0656,4,False,5,332,61
U0657,4,False,4,545,29
U0658,4,False,4,124,45
U0659,5,False,4,116,271
U0660,5,False,2,625,31
U0661,3,False,6,443,35
U0662,5,False,3,283,44
U0663,3,False,2,398,22
U0664,2,False,3,251,41
U0665,4,False,6,694,121
U0666,5,False,5,274,32
U0667,2,False,4,349,44
U0668,2,False,3,41,20
U0669,1,False,2,755,54
U0670,2,False,4,153,81
U0671,5,True,4,1353,31
U0672,4,False,5,179,5
U0673,5,False,3,56,8
U0674,2,False,2,144,5
U0675,2,False,3,149,60
U0676,2,False,4,126,6
U0677,2,False,3,116,62
U0678,1,False,4,759,8
U0679,1,False,4,624,7
U0680,3,False,2,86,24
U0681,2,False,3,163,64
U0682,1,False,2,253,32
U0683,3,False,4,167,38
U0684,4,False,4,834,23
U0685,2,False,3,270,68
U0686,2,False,6,220,29
U0687,2,False,3,1134,7
U0688,3,False,3,275,38
U0689,2,False,6,85,63
U0690,2,False,2,120,5
U0691,4,False,2,201,39
U0692,2,False,4,327,93
U0693,4,False,2,119,51
U0694,2,False,5,30,127
U0695,4,False,3,253,16
U0696,1,False,4,955,5
U0697,2,False,4,260,31
U0698,4,False,3,273,21
U0699,3,False,3,671,7
U0700,1,False,6,181,53
U0701,3,False,4,48,5
U0702,3,False,9,697,19
U0703,1,False,3,372,12
U0704,2,False,4,620,24
U0705,4,False,2,442,20
U0706,5,False,5,54,5
U0707,4,False,2,184,5
U0708,5,False,5,1017,19
U0709,3,False,5,1103,135
U0710,4,False,3,150,123
U0711,1,False,5,1714,23
U0712,2,False,6,243,22
U0713,2,False,4,53,5
U0714,2,False,3,89,129
U0715,2,False,3,425,52
U0716,4,False,2,886,42
U0717,4,False,2,217,53
U0718,4,False,6,167,88
U0719,2,False,3,235,66
U0720,1,False,2,306,8
U0721,2,False,2,95,5
U0722,3,False,6,183,99
U0723,3,False,4,420,114
U0724,2,False,5,33,109
U0725,4,False,2,76,98
U0726,2,False,7,359,117
U0727,1,False,2,99,20
U0728,2,False,4,653,205
U0729,2,False,2,48,5
U0730,3,False,2,123,23
U0731,2,False,5,657,40
U0732,2,False,3,628,14
U0733,2,False,2,700,6
U0734,2,False,2,663,12
U0735,2,False,4,306,5
U0736,2,False,4,94,53
U0737,5,False,3,227,5
U0738,3,False,4,425,5
U0739,2,False,5,645,59
U0740,2,False,3,70,16
U0741,2,False,3,213,7
U0742,2,False,4,45,27
U0743,2,False,2,284,32
U0744,5,False,4,823,136
U0745,5,False,2,539,18
U0746,3,False,6,509,130
U0747,1,False,5,236,29
U0748,5,False,4,708,33
U0749,3,False,2,44,7
U0750,1,False,5,1261,31
U0751,4,False,5,1100,31
U0752,4,False,4,1723,5
U0753,3,False,2,1048,5
U0754,3,False,4,163,39
U0755,2,False,3,546,85
U0756,1,False,2,68,5
U0757,3,False,3,38,67
U0758,5,False,3,126,76
U0759,5,False,2,40,21
U0760,1,False,5,163,5
U0761,3,False,4,147,61
U0762,2,False,4,201,39
U0763,1,False,4,122,12
U0764,4,False,4,66,29
U0765,2,False,2,178,12
U0766,3,False,3,339,61
U0767,4,False,3,193,19
U0768,3,False,2,42,12
U0769,3,False,2,822,56
U0770,2,False,5,223,17
U0771,3,False,5,214,10
U0772,4,False,4,436,15
U0773,1,False,5,763,21
U0774,2,False,6,223,41
U0775,2,False,3,1024,43
U0776,4,False,4,581,5
U0777,4,True,2,559,7
U0778,4,False,2,79,96
U0779,3,False,5,359,57
U0780,3,False,2,234,8
U0781,4,False,2,388,34
U0782,2,False,5,81,58
U0783,4,True,2,267,66
U0784,2,False,5,35,5
U0785,2,True,2,319,5
U0786,2,False,6,1256,5
U0787,4,False,4,56,5
U0788,3,False,8,939,52
U0789,1,False,4,466,115
U0790,4,False,2,445,72
U0791,2,True,2,425,25
U0792,3,True,2,506,9
U0793,3,False,2,66,44
U0794,5,False,3,69,19
U0795,4,False,2,137,5
U0796,3,False,6,1183,62
U0797,3,False,2,371,12
U0798,2,False,5,168,6
U0799,2,False,6,784,406
U0800,3,False,2,174,9
U0801,2,False,2,82,25
U0802,1,False,5,461,75
U0803,4,False,6,382,15
U0804,1,False,3,243,35
U0805,4,False,3,351,29
U0806,1,False,2,70,22
U0807,3,False,5,45,43
U0808,3,False,4,164,47
U0809,4,False,6,195,76
U0810,2,False,4,471,40
U0811,2,False,2,440,12
U0812,4,False,5,223,170
U0813,2,False,4,203,5
U0814,2,False,4,94,53
U0815,5,False,2,74,53
U0816,2,False,2,423,14
U0817,3,False,4,89,32
U0818,3,False,4,217,20
U0819,1,False,4,115,5
U0820,3,False,2,780,21
U0821,2,False,2,334,59
U0822,2,False,4,86,8
U0823,2,False,4,673,5
U0824,2,False,6,673,114
U0825,2,False,4,347,137
U0826,3,False,2,635,75
U0827,1,False,2,241,25
U0828,2,False,3,363,87
U0829,2,False,3,656,65
U0830,3,False,3,617,30
U0831,4,False,4,225,158
U0832,3,False,6,120,73
U0833,3,False,4,556,37
U0834,2,False,3,60,21
U0835,2,False,3,49,19
U0836,3,False,2,206,45
U0837,1,False,6,797,61
U0838,5,True,6,67,5
U0839,2,False,3,1095,69
U0840,2,False,4,97,6
U0841,1,False,2,1693,28
U0842,5,False,2,205,20
U0843,1,True,5,223,42
U0844,2,True,6,179,14
U0845,1,False,6,168,37
U0846,2,False,4,102,79
U0847,3,False,5,57,20
U0848,2,False,3,1816,10
U0849,4,False,3,222,143
U0850,2,False,2,178,32
U0851,2,False,4,764,5
U0852,3,False,4,226,39
U0853,2,False,2,82,5
U0854,5,False,6,897,357
U0855,2,False,3,227,16
U0856,3,False,7,94,55
U0857,3,False,5,39,27
U0858,4,False,2,140,29
U0859,3,False,5,274,8
U0860,2,False,6,363,54
U0861,2,True,2,514,5
U0862,3,False,3,99,23
U0863,1,False,2,298,56
U0864,2,True,5,751,53
U0865,4,False,3,535,91
U0866,3,False,5,144,13
U0867,2,False,7,232,83
U0868,1,False,5,98,45
U0869,2,False,5,35,65
U0870,3,False,3,1015,5
U0871,2,False,7,427,99
U0872,5,False,2,494,8
U0873,4,True,4,138,12
U0874,1,False,3,283,42
U0875,2,False,2,223,5
U0876,5,False,5,1025,22
U0877,4,False,2,436,32
U0878,3,False,3,286,14
U0879,2,False,2,219,7
U0880,2,False,5,905,28
U0881,4,False,3,1172,17
U0882,2,False,4,273,5
U0883,2,False,4,161,97
U0884,4,False,4,87,58
U0885,5,False,4,408,35
U0886,1,False,2,621,49
U0887,1,False,5,538,104
U0888,5,False,2,743,5
U0889,4,False,2,783,5
U0890,1,False,5,265,118
U0891,2,False,4,106,63
U0892,3,False,5,255,110
U0893,4,False,5,194,132
U0894,4,False,5,221,135
U0895,1,False,5,145,17
U0896,5,False,6,575,37
U0897,1,True,4,198,22
U0898,2,False,4,242,105
U0899,3,False,3,427,33
U0900,2,False,3,591,8
U0901,4,False,2,138,34
U0902,3,False,2,360,136
U0903,2,False,3,113,20
U0904,2,True,3,929,69
U0905,4,False,4,235,6
U0906,3,False,4,201,48
U0907,4,False,5,182,36
U0908,3,False,3,751,75
U0909,1,False,4,270,216
U0910,4,False,3,312,181
U0911,4,False,2,32,12
U0912,2,False,5,180,109
U0913,1,False,2,55,5
U0914,3,False,2,227,11
U0915,4,False,2,71,76
U0916,1,False,3,159,14
U0917,2,False,4,78,5
U0918,5,False,2,658,19
U0919,1,False,4,97,96
U0920,1,False,3,565,102
U0921,5,False,3,152,12
U0922,2,False,4,317,8
U0923,3,False,4,611,67
U0924,3,False,2,319,5
U0925,2,False,3,102,18
U0926,5,False,3,556,5
U0927,5,False,2,390,5
U0928,1,False,5,941,136
U0929,3,False,3,167,37
U0930,2,False,3,361,63
U0931,2,False,3,160,38
U0932,3,False,2,194,43
U0933,2,False,3,72,80
U0934,2,False,4,39,58
U0935,2,False,2,208,5
U0936,1,False,4,64,120
U0937,1,False,3,980,6
U0938,5,False,2,523,19
U0939,4,False,2,96,62
U0940,2,False,4,550,20
U0941,5,False,5,48,18
U0942,2,False,4,527,125
U0943,2,False,3,275,16
U0944,5,False,4,554,83
U0945,2,False,3,606,106
U0946,3,False,5,626,116
U0947,2,False,6,248,103
U0948,2,False,2,105,34
U0949,3,False,5,270,15
U0950,5,False,2,1179,13
U0951,2,False,6,136,44
U0952,1,False,4,30,5
U0953,5,False,5,321,10
U0954,4,False,4,509,73
U0955,5,False,5,55,142
U0956,1,False,2,647,22
U0957,2,False,3,773,5
U0958,4,False,5,103,35
U0959,2,False,7,109,20
U0960,1,False,4,329,97
U0961,3,False,4,139,5
U0962,4,False,5,161,47
U0963,3,False,3,380,131
U0964,4,False,2,554,22
U0965,2,False,6,275,56
U0966,2,False,6,110,122
U0967,2,False,6,240,24
U0968,3,False,2,1015,63
U0969,3,False,2,954,5
U0970,3,False,3,272,5
U0971,5,False,2,271,14
U0972,1,False,4,693,13
U0973,2,False,2,43,5
U0974,4,False,4,46,28
U0975,4,False,3,247,32
U0976,3,False,3,168,5
U0977,2,False,6,152,74
U0978,2,False,5,547,20
U0979,2,False,3,920,35
U0980,3,False,2,183,47
U0981,3,False,3,367,5
U0982,3,False,4,342,6
U0983,3,False,5,411,143
U0984,3,False,3,165,8
U0985,5,False,2,104,35
U0986,2,False,5,379,5
U0987,2,False,3,113,54
U0988,2,False,3,37,5
U0989,2,False,5,209,110
U0990,1,False,4,538,141
U0991,3,False,3,177,45
U0992,4,False,4,113,79
U0993,4,False,2,162,101
U0994,3,False,2,1400,11
U0995,4,False,3,1106,9
U0996,2,False,4,212,46
U0997,2,False,3,97,16
U0998,2,False,2,349,53
U0999,2,False,2,470,13
U1000,3,True,6,459,81
